{"v":"4.13.0","fr":20,"ip":0,"op":40,"w":750,"h":1334,"nm":"Complete","ddd":0,"assets":[{"id":"comp_0","layers":[{"ddd":0,"ind":1,"ty":4,"nm":"Shape Layer 6","sr":1,"ks":{"o":{"a":1,"k":[{"i":{"x":[0.833],"y":[0.833]},"o":{"x":[0.167],"y":[0.167]},"n":["0p833_0p833_0p167_0p167"],"t":0.833,"s":[0],"e":[100]},{"i":{"x":[0.833],"y":[0.833]},"o":{"x":[0.167],"y":[0.167]},"n":["0p833_0p833_0p167_0p167"],"t":4.167,"s":[100],"e":[100]},{"i":{"x":[0.833],"y":[0.833]},"o":{"x":[0.167],"y":[0.167]},"n":["0p833_0p833_0p167_0p167"],"t":10.833,"s":[100],"e":[0]},{"t":14.1666666666667}],"ix":11},"r":{"a":0,"k":-120,"ix":10},"p":{"a":0,"k":[360.125,553.938,0],"ix":2},"a":{"a":0,"k":[3.25,-37.125,0],"ix":1},"s":{"a":0,"k":[100,100,100],"ix":6}},"ao":0,"shapes":[{"ty":"gr","it":[{"ind":0,"ty":"sh","ix":1,"ks":{"a":1,"k":[{"i":{"x":0.833,"y":0.833},"o":{"x":0.167,"y":0.167},"n":"0p833_0p833_0p167_0p167","t":0.833,"s":[{"i":[[0.078,2.249],[0.125,-3.875],[0,-2.004],[0,2.875]],"o":[[-0.125,-3.625],[-0.057,1.767],[0,2.625],[0,-1.75]],"v":[[5.5,-47.5],[0.625,-47.125],[0.75,-45],[5.625,-45.25]],"c":true}],"e":[{"i":[[0.078,2.249],[0.062,-3.562],[0,-2.004],[0,2.875]],"o":[[-0.125,-3.625],[-0.031,1.768],[0,2.625],[0,-1.75]],"v":[[5.781,-82.938],[0.906,-83],[0.75,-58.125],[5.625,-58.375]],"c":true}]},{"i":{"x":0.833,"y":0.833},"o":{"x":0.167,"y":0.167},"n":"0p833_0p833_0p167_0p167","t":6.667,"s":[{"i":[[0.078,2.249],[0.062,-3.562],[0,-2.004],[0,2.875]],"o":[[-0.125,-3.625],[-0.031,1.768],[0,2.625],[0,-1.75]],"v":[[5.781,-82.938],[0.906,-83],[0.75,-58.125],[5.625,-58.375]],"c":true}],"e":[{"i":[[0.078,2.249],[0.125,-3.875],[0,-2.004],[0,2.875]],"o":[[-0.125,-3.625],[-0.057,1.767],[0,2.625],[0,-1.75]],"v":[[5.375,-83.5],[0.5,-83.125],[0.625,-81],[5.5,-81.25]],"c":true}]},{"t":12.5}],"ix":2},"nm":"Path 1","mn":"ADBE Vector Shape - Group","hd":false},{"ty":"st","c":{"a":0,"k":[1,0.537254961799,0.352940996955,1],"ix":3},"o":{"a":0,"k":100,"ix":4},"w":{"a":0,"k":0,"ix":5},"lc":1,"lj":1,"ml":4,"nm":"Stroke 1","mn":"ADBE Vector Graphic - Stroke","hd":false},{"ty":"fl","c":{"a":0,"k":[0.423529411765,0.721568627451,0.894117647059,1],"ix":4},"o":{"a":0,"k":100,"ix":5},"r":1,"nm":"Fill 1","mn":"ADBE Vector Graphic - Fill","hd":false},{"ty":"tr","p":{"a":0,"k":[0,0],"ix":2},"a":{"a":0,"k":[0,0],"ix":1},"s":{"a":0,"k":[100,100],"ix":3},"r":{"a":0,"k":0,"ix":6},"o":{"a":0,"k":100,"ix":7},"sk":{"a":0,"k":0,"ix":4},"sa":{"a":0,"k":0,"ix":5},"nm":"Transform"}],"nm":"Shape 1","np":3,"cix":2,"ix":1,"mn":"ADBE Vector Group","hd":false}],"ip":0,"op":28.3333333333333,"st":-11.6666666666667,"bm":0},{"ddd":0,"ind":2,"ty":4,"nm":"Shape Layer 5","sr":1,"ks":{"o":{"a":1,"k":[{"i":{"x":[0.833],"y":[0.833]},"o":{"x":[0.167],"y":[0.167]},"n":["0p833_0p833_0p167_0p167"],"t":0.833,"s":[0],"e":[100]},{"i":{"x":[0.833],"y":[0.833]},"o":{"x":[0.167],"y":[0.167]},"n":["0p833_0p833_0p167_0p167"],"t":4.167,"s":[100],"e":[100]},{"i":{"x":[0.833],"y":[0.833]},"o":{"x":[0.167],"y":[0.167]},"n":["0p833_0p833_0p167_0p167"],"t":10.833,"s":[100],"e":[0]},{"t":14.1666666666667}],"ix":11},"r":{"a":0,"k":-60,"ix":10},"p":{"a":0,"k":[360.125,553.938,0],"ix":2},"a":{"a":0,"k":[3.25,-37.125,0],"ix":1},"s":{"a":0,"k":[100,100,100],"ix":6}},"ao":0,"shapes":[{"ty":"gr","it":[{"ind":0,"ty":"sh","ix":1,"ks":{"a":1,"k":[{"i":{"x":0.833,"y":0.833},"o":{"x":0.167,"y":0.167},"n":"0p833_0p833_0p167_0p167","t":0.833,"s":[{"i":[[0.078,2.249],[0.125,-3.875],[0,-2.004],[0,2.875]],"o":[[-0.125,-3.625],[-0.057,1.767],[0,2.625],[0,-1.75]],"v":[[5.5,-47.5],[0.625,-47.125],[0.75,-45],[5.625,-45.25]],"c":true}],"e":[{"i":[[0.078,2.249],[0.062,-3.562],[0,-2.004],[0,2.875]],"o":[[-0.125,-3.625],[-0.031,1.768],[0,2.625],[0,-1.75]],"v":[[5.781,-82.938],[0.906,-83],[0.75,-58.125],[5.625,-58.375]],"c":true}]},{"i":{"x":0.833,"y":0.833},"o":{"x":0.167,"y":0.167},"n":"0p833_0p833_0p167_0p167","t":6.667,"s":[{"i":[[0.078,2.249],[0.062,-3.562],[0,-2.004],[0,2.875]],"o":[[-0.125,-3.625],[-0.031,1.768],[0,2.625],[0,-1.75]],"v":[[5.781,-82.938],[0.906,-83],[0.75,-58.125],[5.625,-58.375]],"c":true}],"e":[{"i":[[0.078,2.249],[0.125,-3.875],[0,-2.004],[0,2.875]],"o":[[-0.125,-3.625],[-0.057,1.767],[0,2.625],[0,-1.75]],"v":[[5.375,-83.5],[0.5,-83.125],[0.625,-81],[5.5,-81.25]],"c":true}]},{"t":12.5}],"ix":2},"nm":"Path 1","mn":"ADBE Vector Shape - Group","hd":false},{"ty":"st","c":{"a":0,"k":[1,0.537254961799,0.352940996955,1],"ix":3},"o":{"a":0,"k":100,"ix":4},"w":{"a":0,"k":0,"ix":5},"lc":1,"lj":1,"ml":4,"nm":"Stroke 1","mn":"ADBE Vector Graphic - Stroke","hd":false},{"ty":"fl","c":{"a":0,"k":[0.423529411765,0.721568627451,0.894117647059,1],"ix":4},"o":{"a":0,"k":100,"ix":5},"r":1,"nm":"Fill 1","mn":"ADBE Vector Graphic - Fill","hd":false},{"ty":"tr","p":{"a":0,"k":[0,0],"ix":2},"a":{"a":0,"k":[0,0],"ix":1},"s":{"a":0,"k":[100,100],"ix":3},"r":{"a":0,"k":0,"ix":6},"o":{"a":0,"k":100,"ix":7},"sk":{"a":0,"k":0,"ix":4},"sa":{"a":0,"k":0,"ix":5},"nm":"Transform"}],"nm":"Shape 1","np":3,"cix":2,"ix":1,"mn":"ADBE Vector Group","hd":false}],"ip":0,"op":28.3333333333333,"st":-11.6666666666667,"bm":0},{"ddd":0,"ind":3,"ty":4,"nm":"Shape Layer 4","sr":1,"ks":{"o":{"a":1,"k":[{"i":{"x":[0.833],"y":[0.833]},"o":{"x":[0.167],"y":[0.167]},"n":["0p833_0p833_0p167_0p167"],"t":0.833,"s":[0],"e":[100]},{"i":{"x":[0.833],"y":[0.833]},"o":{"x":[0.167],"y":[0.167]},"n":["0p833_0p833_0p167_0p167"],"t":4.167,"s":[100],"e":[100]},{"i":{"x":[0.833],"y":[0.833]},"o":{"x":[0.167],"y":[0.167]},"n":["0p833_0p833_0p167_0p167"],"t":10.833,"s":[100],"e":[0]},{"t":14.1666666666667}],"ix":11},"r":{"a":0,"k":180,"ix":10},"p":{"a":0,"k":[360.125,553.938,0],"ix":2},"a":{"a":0,"k":[3.25,-37.125,0],"ix":1},"s":{"a":0,"k":[100,100,100],"ix":6}},"ao":0,"shapes":[{"ty":"gr","it":[{"ind":0,"ty":"sh","ix":1,"ks":{"a":1,"k":[{"i":{"x":0.833,"y":0.833},"o":{"x":0.167,"y":0.167},"n":"0p833_0p833_0p167_0p167","t":0.833,"s":[{"i":[[0.078,2.249],[0.125,-3.875],[0,-2.004],[0,2.875]],"o":[[-0.125,-3.625],[-0.057,1.767],[0,2.625],[0,-1.75]],"v":[[5.5,-47.5],[0.625,-47.125],[0.75,-45],[5.625,-45.25]],"c":true}],"e":[{"i":[[0.078,2.249],[0.062,-3.562],[0,-2.004],[0,2.875]],"o":[[-0.125,-3.625],[-0.031,1.768],[0,2.625],[0,-1.75]],"v":[[5.781,-82.938],[0.906,-83],[0.75,-58.125],[5.625,-58.375]],"c":true}]},{"i":{"x":0.833,"y":0.833},"o":{"x":0.167,"y":0.167},"n":"0p833_0p833_0p167_0p167","t":6.667,"s":[{"i":[[0.078,2.249],[0.062,-3.562],[0,-2.004],[0,2.875]],"o":[[-0.125,-3.625],[-0.031,1.768],[0,2.625],[0,-1.75]],"v":[[5.781,-82.938],[0.906,-83],[0.75,-58.125],[5.625,-58.375]],"c":true}],"e":[{"i":[[0.078,2.249],[0.125,-3.875],[0,-2.004],[0,2.875]],"o":[[-0.125,-3.625],[-0.057,1.767],[0,2.625],[0,-1.75]],"v":[[5.375,-83.5],[0.5,-83.125],[0.625,-81],[5.5,-81.25]],"c":true}]},{"t":12.5}],"ix":2},"nm":"Path 1","mn":"ADBE Vector Shape - Group","hd":false},{"ty":"st","c":{"a":0,"k":[1,0.537254961799,0.352940996955,1],"ix":3},"o":{"a":0,"k":100,"ix":4},"w":{"a":0,"k":0,"ix":5},"lc":1,"lj":1,"ml":4,"nm":"Stroke 1","mn":"ADBE Vector Graphic - Stroke","hd":false},{"ty":"fl","c":{"a":0,"k":[0.423529411765,0.721568627451,0.894117647059,1],"ix":4},"o":{"a":0,"k":100,"ix":5},"r":1,"nm":"Fill 1","mn":"ADBE Vector Graphic - Fill","hd":false},{"ty":"tr","p":{"a":0,"k":[0,0],"ix":2},"a":{"a":0,"k":[0,0],"ix":1},"s":{"a":0,"k":[100,100],"ix":3},"r":{"a":0,"k":0,"ix":6},"o":{"a":0,"k":100,"ix":7},"sk":{"a":0,"k":0,"ix":4},"sa":{"a":0,"k":0,"ix":5},"nm":"Transform"}],"nm":"Shape 1","np":3,"cix":2,"ix":1,"mn":"ADBE Vector Group","hd":false}],"ip":0,"op":28.3333333333333,"st":-11.6666666666667,"bm":0},{"ddd":0,"ind":4,"ty":4,"nm":"Shape Layer 3","sr":1,"ks":{"o":{"a":1,"k":[{"i":{"x":[0.833],"y":[0.833]},"o":{"x":[0.167],"y":[0.167]},"n":["0p833_0p833_0p167_0p167"],"t":0.833,"s":[0],"e":[100]},{"i":{"x":[0.833],"y":[0.833]},"o":{"x":[0.167],"y":[0.167]},"n":["0p833_0p833_0p167_0p167"],"t":4.167,"s":[100],"e":[100]},{"i":{"x":[0.833],"y":[0.833]},"o":{"x":[0.167],"y":[0.167]},"n":["0p833_0p833_0p167_0p167"],"t":10.833,"s":[100],"e":[0]},{"t":14.1666666666667}],"ix":11},"r":{"a":0,"k":120,"ix":10},"p":{"a":0,"k":[360.125,553.938,0],"ix":2},"a":{"a":0,"k":[3.25,-37.125,0],"ix":1},"s":{"a":0,"k":[100,100,100],"ix":6}},"ao":0,"shapes":[{"ty":"gr","it":[{"ind":0,"ty":"sh","ix":1,"ks":{"a":1,"k":[{"i":{"x":0.833,"y":0.833},"o":{"x":0.167,"y":0.167},"n":"0p833_0p833_0p167_0p167","t":0.833,"s":[{"i":[[0.078,2.249],[0.125,-3.875],[0,-2.004],[0,2.875]],"o":[[-0.125,-3.625],[-0.057,1.767],[0,2.625],[0,-1.75]],"v":[[5.5,-47.5],[0.625,-47.125],[0.75,-45],[5.625,-45.25]],"c":true}],"e":[{"i":[[0.078,2.249],[0.062,-3.562],[0,-2.004],[0,2.875]],"o":[[-0.125,-3.625],[-0.031,1.768],[0,2.625],[0,-1.75]],"v":[[5.781,-82.938],[0.906,-83],[0.75,-58.125],[5.625,-58.375]],"c":true}]},{"i":{"x":0.833,"y":0.833},"o":{"x":0.167,"y":0.167},"n":"0p833_0p833_0p167_0p167","t":6.667,"s":[{"i":[[0.078,2.249],[0.062,-3.562],[0,-2.004],[0,2.875]],"o":[[-0.125,-3.625],[-0.031,1.768],[0,2.625],[0,-1.75]],"v":[[5.781,-82.938],[0.906,-83],[0.75,-58.125],[5.625,-58.375]],"c":true}],"e":[{"i":[[0.078,2.249],[0.125,-3.875],[0,-2.004],[0,2.875]],"o":[[-0.125,-3.625],[-0.057,1.767],[0,2.625],[0,-1.75]],"v":[[5.375,-83.5],[0.5,-83.125],[0.625,-81],[5.5,-81.25]],"c":true}]},{"t":12.5}],"ix":2},"nm":"Path 1","mn":"ADBE Vector Shape - Group","hd":false},{"ty":"st","c":{"a":0,"k":[1,0.537254961799,0.352940996955,1],"ix":3},"o":{"a":0,"k":100,"ix":4},"w":{"a":0,"k":0,"ix":5},"lc":1,"lj":1,"ml":4,"nm":"Stroke 1","mn":"ADBE Vector Graphic - Stroke","hd":false},{"ty":"fl","c":{"a":0,"k":[0.423529411765,0.721568627451,0.894117647059,1],"ix":4},"o":{"a":0,"k":100,"ix":5},"r":1,"nm":"Fill 1","mn":"ADBE Vector Graphic - Fill","hd":false},{"ty":"tr","p":{"a":0,"k":[0,0],"ix":2},"a":{"a":0,"k":[0,0],"ix":1},"s":{"a":0,"k":[100,100],"ix":3},"r":{"a":0,"k":0,"ix":6},"o":{"a":0,"k":100,"ix":7},"sk":{"a":0,"k":0,"ix":4},"sa":{"a":0,"k":0,"ix":5},"nm":"Transform"}],"nm":"Shape 1","np":3,"cix":2,"ix":1,"mn":"ADBE Vector Group","hd":false}],"ip":0,"op":28.3333333333333,"st":-11.6666666666667,"bm":0},{"ddd":0,"ind":5,"ty":4,"nm":"Shape Layer 2","sr":1,"ks":{"o":{"a":1,"k":[{"i":{"x":[0.833],"y":[0.833]},"o":{"x":[0.167],"y":[0.167]},"n":["0p833_0p833_0p167_0p167"],"t":0.833,"s":[0],"e":[100]},{"i":{"x":[0.833],"y":[0.833]},"o":{"x":[0.167],"y":[0.167]},"n":["0p833_0p833_0p167_0p167"],"t":4.167,"s":[100],"e":[100]},{"i":{"x":[0.833],"y":[0.833]},"o":{"x":[0.167],"y":[0.167]},"n":["0p833_0p833_0p167_0p167"],"t":10.833,"s":[100],"e":[0]},{"t":14.1666666666667}],"ix":11},"r":{"a":0,"k":60,"ix":10},"p":{"a":0,"k":[360.125,553.938,0],"ix":2},"a":{"a":0,"k":[3.25,-37.125,0],"ix":1},"s":{"a":0,"k":[100,100,100],"ix":6}},"ao":0,"shapes":[{"ty":"gr","it":[{"ind":0,"ty":"sh","ix":1,"ks":{"a":1,"k":[{"i":{"x":0.833,"y":0.833},"o":{"x":0.167,"y":0.167},"n":"0p833_0p833_0p167_0p167","t":0.833,"s":[{"i":[[0.078,2.249],[0.125,-3.875],[0,-2.004],[0,2.875]],"o":[[-0.125,-3.625],[-0.057,1.767],[0,2.625],[0,-1.75]],"v":[[5.5,-47.5],[0.625,-47.125],[0.75,-45],[5.625,-45.25]],"c":true}],"e":[{"i":[[0.078,2.249],[0.062,-3.562],[0,-2.004],[0,2.875]],"o":[[-0.125,-3.625],[-0.031,1.768],[0,2.625],[0,-1.75]],"v":[[5.781,-82.938],[0.906,-83],[0.75,-58.125],[5.625,-58.375]],"c":true}]},{"i":{"x":0.833,"y":0.833},"o":{"x":0.167,"y":0.167},"n":"0p833_0p833_0p167_0p167","t":6.667,"s":[{"i":[[0.078,2.249],[0.062,-3.562],[0,-2.004],[0,2.875]],"o":[[-0.125,-3.625],[-0.031,1.768],[0,2.625],[0,-1.75]],"v":[[5.781,-82.938],[0.906,-83],[0.75,-58.125],[5.625,-58.375]],"c":true}],"e":[{"i":[[0.078,2.249],[0.125,-3.875],[0,-2.004],[0,2.875]],"o":[[-0.125,-3.625],[-0.057,1.767],[0,2.625],[0,-1.75]],"v":[[5.375,-83.5],[0.5,-83.125],[0.625,-81],[5.5,-81.25]],"c":true}]},{"t":12.5}],"ix":2},"nm":"Path 1","mn":"ADBE Vector Shape - Group","hd":false},{"ty":"st","c":{"a":0,"k":[1,0.537254961799,0.352940996955,1],"ix":3},"o":{"a":0,"k":100,"ix":4},"w":{"a":0,"k":0,"ix":5},"lc":1,"lj":1,"ml":4,"nm":"Stroke 1","mn":"ADBE Vector Graphic - Stroke","hd":false},{"ty":"fl","c":{"a":0,"k":[0.423529411765,0.721568627451,0.894117647059,1],"ix":4},"o":{"a":0,"k":100,"ix":5},"r":1,"nm":"Fill 1","mn":"ADBE Vector Graphic - Fill","hd":false},{"ty":"tr","p":{"a":0,"k":[0,0],"ix":2},"a":{"a":0,"k":[0,0],"ix":1},"s":{"a":0,"k":[100,100],"ix":3},"r":{"a":0,"k":0,"ix":6},"o":{"a":0,"k":100,"ix":7},"sk":{"a":0,"k":0,"ix":4},"sa":{"a":0,"k":0,"ix":5},"nm":"Transform"}],"nm":"Shape 1","np":3,"cix":2,"ix":1,"mn":"ADBE Vector Group","hd":false}],"ip":0,"op":28.3333333333333,"st":-11.6666666666667,"bm":0},{"ddd":0,"ind":6,"ty":4,"nm":"Shape Layer 1","sr":1,"ks":{"o":{"a":1,"k":[{"i":{"x":[0.833],"y":[0.833]},"o":{"x":[0.167],"y":[0.167]},"n":["0p833_0p833_0p167_0p167"],"t":0.833,"s":[0],"e":[100]},{"i":{"x":[0.833],"y":[0.833]},"o":{"x":[0.167],"y":[0.167]},"n":["0p833_0p833_0p167_0p167"],"t":4.167,"s":[100],"e":[100]},{"i":{"x":[0.833],"y":[0.833]},"o":{"x":[0.167],"y":[0.167]},"n":["0p833_0p833_0p167_0p167"],"t":10.833,"s":[100],"e":[0]},{"t":14.1666666666667}],"ix":11},"r":{"a":0,"k":0,"ix":10},"p":{"a":0,"k":[360.125,553.938,0],"ix":2},"a":{"a":0,"k":[3.25,-37.125,0],"ix":1},"s":{"a":0,"k":[100,100,100],"ix":6}},"ao":0,"shapes":[{"ty":"gr","it":[{"ind":0,"ty":"sh","ix":1,"ks":{"a":1,"k":[{"i":{"x":0.833,"y":0.833},"o":{"x":0.167,"y":0.167},"n":"0p833_0p833_0p167_0p167","t":0.833,"s":[{"i":[[0.078,2.249],[0.125,-3.875],[0,-2.004],[0,2.875]],"o":[[-0.125,-3.625],[-0.057,1.767],[0,2.625],[0,-1.75]],"v":[[5.5,-47.5],[0.625,-47.125],[0.75,-45],[5.625,-45.25]],"c":true}],"e":[{"i":[[0.078,2.249],[0.062,-3.562],[0,-2.004],[0,2.875]],"o":[[-0.125,-3.625],[-0.031,1.768],[0,2.625],[0,-1.75]],"v":[[5.781,-82.938],[0.906,-83],[0.75,-58.125],[5.625,-58.375]],"c":true}]},{"i":{"x":0.833,"y":0.833},"o":{"x":0.167,"y":0.167},"n":"0p833_0p833_0p167_0p167","t":6.667,"s":[{"i":[[0.078,2.249],[0.062,-3.562],[0,-2.004],[0,2.875]],"o":[[-0.125,-3.625],[-0.031,1.768],[0,2.625],[0,-1.75]],"v":[[5.781,-82.938],[0.906,-83],[0.75,-58.125],[5.625,-58.375]],"c":true}],"e":[{"i":[[0.078,2.249],[0.125,-3.875],[0,-2.004],[0,2.875]],"o":[[-0.125,-3.625],[-0.057,1.767],[0,2.625],[0,-1.75]],"v":[[5.375,-83.5],[0.5,-83.125],[0.625,-81],[5.5,-81.25]],"c":true}]},{"t":12.5}],"ix":2},"nm":"Path 1","mn":"ADBE Vector Shape - Group","hd":false},{"ty":"st","c":{"a":0,"k":[1,0.537254961799,0.352940996955,1],"ix":3},"o":{"a":0,"k":100,"ix":4},"w":{"a":0,"k":0,"ix":5},"lc":1,"lj":1,"ml":4,"nm":"Stroke 1","mn":"ADBE Vector Graphic - Stroke","hd":false},{"ty":"fl","c":{"a":0,"k":[0.423529411765,0.721568627451,0.894117647059,1],"ix":4},"o":{"a":0,"k":100,"ix":5},"r":1,"nm":"Fill 1","mn":"ADBE Vector Graphic - Fill","hd":false},{"ty":"tr","p":{"a":0,"k":[0,0],"ix":2},"a":{"a":0,"k":[0,0],"ix":1},"s":{"a":0,"k":[100,100],"ix":3},"r":{"a":0,"k":0,"ix":6},"o":{"a":0,"k":100,"ix":7},"sk":{"a":0,"k":0,"ix":4},"sa":{"a":0,"k":0,"ix":5},"nm":"Transform"}],"nm":"Shape 1","np":3,"cix":2,"ix":1,"mn":"ADBE Vector Group","hd":false}],"ip":0,"op":28.3333333333333,"st":-11.6666666666667,"bm":0}]},{"id":"comp_1","layers":[{"ddd":0,"ind":1,"ty":4,"nm":"2","sr":1,"ks":{"o":{"a":1,"k":[{"i":{"x":[0.833],"y":[0.833]},"o":{"x":[0.167],"y":[0.167]},"n":["0p833_0p833_0p167_0p167"],"t":17.5,"s":[0],"e":[100]},{"t":18.3333333333333}],"ix":11},"r":{"a":0,"k":52,"ix":10},"p":{"a":0,"k":[347,631.375,0],"ix":2},"a":{"a":0,"k":[-97.725,-41.723,0],"ix":1},"s":{"a":0,"k":[118.604,143.393,100],"ix":6}},"ao":0,"shapes":[{"ty":"gr","it":[{"ind":0,"ty":"sh","ix":1,"ks":{"a":1,"k":[{"i":{"x":0.833,"y":0.833},"o":{"x":0.167,"y":0.167},"n":"0p833_0p833_0p167_0p167","t":18.333,"s":[{"i":[[0,-4.622],[0,0],[4.622,0],[0,4.622],[0,0],[-4.622,0]],"o":[[0,0],[0,4.622],[-4.622,0],[0,0],[0,-4.622],[4.622,0]],"v":[[10.063,18.931],[10.165,20.12],[1.955,27.519],[-6.389,19.736],[-6.621,18.741],[1.795,10.462]],"c":true}],"e":[{"i":[[0,-4.622],[0,0],[4.622,0],[0,4.622],[0,0],[-4.622,0]],"o":[[0,0],[0,4.622],[-4.622,0],[0,0],[0,-4.622],[4.622,0]],"v":[[7.173,-56.169],[10.165,20.12],[1.955,27.519],[-6.389,19.736],[-9.51,-56.359],[-1.094,-64.639]],"c":true}]},{"t":25}],"ix":2},"nm":"Path 1","mn":"ADBE Vector Shape - Group","hd":false},{"ty":"st","c":{"a":0,"k":[1,0.537254961799,0.352940996955,1],"ix":3},"o":{"a":0,"k":100,"ix":4},"w":{"a":0,"k":0,"ix":5},"lc":1,"lj":1,"ml":4,"nm":"Stroke 1","mn":"ADBE Vector Graphic - Stroke","hd":false},{"ty":"fl","c":{"a":0,"k":[0.447058826685,0.772549033165,0.921568632126,1],"ix":4},"o":{"a":0,"k":100,"ix":5},"r":1,"nm":"Fill 1","mn":"ADBE Vector Graphic - Fill","hd":false},{"ty":"tr","p":{"a":0,"k":[-99.131,-62.614],"ix":2},"a":{"a":0,"k":[0,0],"ix":1},"s":{"a":0,"k":[100,100],"ix":3},"r":{"a":0,"k":0,"ix":6},"o":{"a":0,"k":100,"ix":7},"sk":{"a":0,"k":0,"ix":4},"sa":{"a":0,"k":0,"ix":5},"nm":"Transform"}],"nm":"Rectangle 1","np":3,"cix":2,"ix":1,"mn":"ADBE Vector Group","hd":false}],"ip":0,"op":41.6666666666667,"st":0,"bm":0},{"ddd":0,"ind":2,"ty":4,"nm":"1","sr":1,"ks":{"o":{"a":0,"k":100,"ix":11},"r":{"a":0,"k":-40,"ix":10},"p":{"a":0,"k":[311.75,589.75,0],"ix":2},"a":{"a":0,"k":[-98.5,-83,0],"ix":1},"s":{"a":0,"k":[118.604,143.393,100],"ix":6}},"ao":0,"shapes":[{"ty":"gr","it":[{"ind":0,"ty":"sh","ix":1,"ks":{"a":1,"k":[{"i":{"x":0.833,"y":0.833},"o":{"x":0.167,"y":0.167},"n":"0p833_0p833_0p167_0p167","t":14.167,"s":[{"i":[[-0.007,-1.438],[0,0],[3.729,-0.131],[0.089,1.497],[0,0],[-4.622,0]],"o":[[0,0],[0.065,1.092],[-4.619,0.162],[0,0],[0.209,-1.696],[4.622,0]],"v":[[6.83,-20.17],[6.792,-19.546],[0.177,-17.584],[-7.62,-19.126],[-7.67,-19.868],[-0.228,-24.271]],"c":true}],"e":[{"i":[[0,-4.622],[0,0],[4.622,0],[0,4.622],[0,0],[-4.622,0]],"o":[[0,0],[0,4.622],[-4.622,0],[0,0],[0,-4.622],[4.622,0]],"v":[[8.268,-15.416],[9.179,17.16],[0.969,24.558],[-7.376,16.775],[-8.416,-15.606],[0,-23.886]],"c":true}]},{"t":18.3333333333333}],"ix":2},"nm":"Path 1","mn":"ADBE Vector Shape - Group","hd":false},{"ty":"st","c":{"a":0,"k":[1,0.537254961799,0.352940996955,1],"ix":3},"o":{"a":0,"k":100,"ix":4},"w":{"a":0,"k":0,"ix":5},"lc":1,"lj":1,"ml":4,"nm":"Stroke 1","mn":"ADBE Vector Graphic - Stroke","hd":false},{"ty":"fl","c":{"a":0,"k":[0.447058826685,0.772549033165,0.921568632126,1],"ix":4},"o":{"a":0,"k":100,"ix":5},"r":1,"nm":"Fill 1","mn":"ADBE Vector Graphic - Fill","hd":false},{"ty":"tr","p":{"a":0,"k":[-99.131,-62.614],"ix":2},"a":{"a":0,"k":[0,0],"ix":1},"s":{"a":0,"k":[100,100],"ix":3},"r":{"a":0,"k":0,"ix":6},"o":{"a":0,"k":100,"ix":7},"sk":{"a":0,"k":0,"ix":4},"sa":{"a":0,"k":0,"ix":5},"nm":"Transform"}],"nm":"Rectangle 1","np":3,"cix":2,"ix":1,"mn":"ADBE Vector Group","hd":false}],"ip":14.1666666666667,"op":41.6666666666667,"st":0,"bm":0},{"ddd":0,"ind":3,"ty":4,"nm":"Shape Layer 4","sr":1,"ks":{"o":{"a":0,"k":100,"ix":11},"r":{"a":0,"k":0,"ix":10},"p":{"a":0,"k":[375,667,0],"ix":2},"a":{"a":0,"k":[0,0,0],"ix":1},"s":{"a":0,"k":[100,100,100],"ix":6}},"ao":0,"shapes":[{"ty":"gr","it":[{"d":1,"ty":"el","s":{"a":0,"k":[244.01,244.01],"ix":2},"p":{"a":0,"k":[0,0],"ix":3},"nm":"Ellipse Path 1","mn":"ADBE Vector Shape - Ellipse","hd":false},{"ty":"st","c":{"a":0,"k":[1,0.537254961799,0.352940996955,1],"ix":3},"o":{"a":0,"k":100,"ix":4},"w":{"a":0,"k":0,"ix":5},"lc":1,"lj":1,"ml":4,"nm":"Stroke 1","mn":"ADBE Vector Graphic - Stroke","hd":false},{"ty":"fl","c":{"a":0,"k":[1,1,1,1],"ix":4},"o":{"a":0,"k":100,"ix":5},"r":1,"nm":"Fill 1","mn":"ADBE Vector Graphic - Fill","hd":false},{"ty":"tr","p":{"a":0,"k":[-1.341,-82.96],"ix":2},"a":{"a":0,"k":[0,0],"ix":1},"s":{"a":0,"k":[100,100],"ix":3},"r":{"a":0,"k":0,"ix":6},"o":{"a":0,"k":100,"ix":7},"sk":{"a":0,"k":0,"ix":4},"sa":{"a":0,"k":0,"ix":5},"nm":"Transform"}],"nm":"Ellipse 1","np":3,"cix":2,"ix":1,"mn":"ADBE Vector Group","hd":false}],"ip":0,"op":41.6666666666667,"st":0,"bm":0}]}],"layers":[{"ddd":0,"ind":1,"ty":0,"nm":"Firework","refId":"comp_0","sr":1,"ks":{"o":{"a":0,"k":100,"ix":11},"r":{"a":0,"k":0,"ix":10},"p":{"a":0,"k":[239,676,0],"ix":2},"a":{"a":0,"k":[375,667,0],"ix":1},"s":{"a":0,"k":[100,100,100],"ix":6}},"ao":0,"w":750,"h":1334,"ip":0,"op":14.1666666666667,"st":0,"bm":0},{"ddd":0,"ind":2,"ty":0,"nm":"Firework","refId":"comp_0","sr":1,"ks":{"o":{"a":0,"k":100,"ix":11},"r":{"a":0,"k":0,"ix":10},"p":{"a":0,"k":[504,636,0],"ix":2},"a":{"a":0,"k":[375,667,0],"ix":1},"s":{"a":0,"k":[100,100,100],"ix":6}},"ao":0,"w":750,"h":1334,"ip":4.16666666666667,"op":18.3333333333333,"st":4.16666666666667,"bm":0},{"ddd":0,"ind":3,"ty":0,"nm":"Firework","refId":"comp_0","sr":1,"ks":{"o":{"a":0,"k":100,"ix":11},"r":{"a":0,"k":0,"ix":10},"p":{"a":0,"k":[482,836,0],"ix":2},"a":{"a":0,"k":[375,667,0],"ix":1},"s":{"a":0,"k":[100,100,100],"ix":6}},"ao":0,"w":750,"h":1334,"ip":9.16666666666667,"op":23.3333333333333,"st":9.16666666666667,"bm":0},{"ddd":0,"ind":4,"ty":0,"nm":"Firework","refId":"comp_0","sr":1,"ks":{"o":{"a":0,"k":100,"ix":11},"r":{"a":0,"k":0,"ix":10},"p":{"a":0,"k":[294,562,0],"ix":2},"a":{"a":0,"k":[375,667,0],"ix":1},"s":{"a":0,"k":[100,100,100],"ix":6}},"ao":0,"w":750,"h":1334,"ip":13.3333333333333,"op":27.5,"st":13.3333333333333,"bm":0},{"ddd":0,"ind":5,"ty":0,"nm":"Firework","refId":"comp_0","sr":1,"ks":{"o":{"a":0,"k":100,"ix":11},"r":{"a":0,"k":0,"ix":10},"p":{"a":0,"k":[511,587,0],"ix":2},"a":{"a":0,"k":[375,667,0],"ix":1},"s":{"a":0,"k":[61,61,100],"ix":6}},"ao":0,"w":750,"h":1334,"ip":16.6666666666667,"op":30.8333333333333,"st":16.6666666666667,"bm":0},{"ddd":0,"ind":6,"ty":0,"nm":"Done","refId":"comp_1","sr":1,"ks":{"o":{"a":1,"k":[{"i":{"x":[0.833],"y":[0.833]},"o":{"x":[0.167],"y":[0.167]},"n":["0p833_0p833_0p167_0p167"],"t":8.333,"s":[0],"e":[100]},{"t":14.1663411458333}],"ix":11},"r":{"a":0,"k":0,"ix":10},"p":{"a":0,"k":[377,581,0],"ix":2},"a":{"a":0,"k":[377,581,0],"ix":1},"s":{"a":1,"k":[{"i":{"x":[0.719,0.719,0.667],"y":[1.359,1.359,1]},"o":{"x":[0.333,0.333,0.333],"y":[0,0,0]},"n":["0p719_1p359_0p333_0","0p719_1p359_0p333_0","0p667_1_0p333_0"],"t":8.333,"s":[6,6,100],"e":[120,120,100]},{"i":{"x":[0.833,0.833,0.833],"y":[1,1,1]},"o":{"x":[0.167,0.167,0.167],"y":[0,0,0]},"n":["0p833_1_0p167_0","0p833_1_0p167_0","0p833_1_0p167_0"],"t":16.666,"s":[120,120,100],"e":[100,100,100]},{"t":20.0003255208333}],"ix":6}},"ao":0,"w":750,"h":1334,"ip":-1.66666666666667,"op":40,"st":-1.66666666666667,"bm":0},{"ddd":0,"ind":7,"ty":4,"nm":"Shape Layer 1","sr":1,"ks":{"o":{"a":1,"k":[{"i":{"x":[0.833],"y":[0.833]},"o":{"x":[0.167],"y":[0.167]},"n":["0p833_0p833_0p167_0p167"],"t":3.333,"s":[0],"e":[30]},{"i":{"x":[0.833],"y":[0.833]},"o":{"x":[0.167],"y":[0.167]},"n":["0p833_0p833_0p167_0p167"],"t":9.167,"s":[30],"e":[0]},{"t":15}],"ix":11},"r":{"a":0,"k":0,"ix":10},"p":{"a":0,"k":[371,589,0],"ix":2},"a":{"a":0,"k":[4,-4,0],"ix":1},"s":{"a":1,"k":[{"i":{"x":[0.833,0.833,0.833],"y":[0.833,0.833,0.833]},"o":{"x":[0.167,0.167,0.167],"y":[0.167,0.167,0.167]},"n":["0p833_0p833_0p167_0p167","0p833_0p833_0p167_0p167","0p833_0p833_0p167_0p167"],"t":5,"s":[100,100,100],"e":[531,531,100]},{"t":15}],"ix":6}},"ao":0,"shapes":[{"ty":"gr","it":[{"d":1,"ty":"el","s":{"a":0,"k":[96.586,96.586],"ix":2},"p":{"a":0,"k":[0,0],"ix":3},"nm":"Ellipse Path 1","mn":"ADBE Vector Shape - Ellipse","hd":false},{"ty":"st","c":{"a":0,"k":[1,0.537254961799,0.352940996955,1],"ix":3},"o":{"a":0,"k":100,"ix":4},"w":{"a":0,"k":0,"ix":5},"lc":1,"lj":1,"ml":4,"nm":"Stroke 1","mn":"ADBE Vector Graphic - Stroke","hd":false},{"ty":"fl","c":{"a":0,"k":[1,1,1,1],"ix":4},"o":{"a":0,"k":100,"ix":5},"r":1,"nm":"Fill 1","mn":"ADBE Vector Graphic - Fill","hd":false},{"ty":"tr","p":{"a":0,"k":[5.762,-4.48],"ix":2},"a":{"a":0,"k":[0,0],"ix":1},"s":{"a":0,"k":[100,100],"ix":3},"r":{"a":0,"k":0,"ix":6},"o":{"a":0,"k":100,"ix":7},"sk":{"a":0,"k":0,"ix":4},"sa":{"a":0,"k":0,"ix":5},"nm":"Transform"}],"nm":"Ellipse 1","np":3,"cix":2,"ix":1,"mn":"ADBE Vector Group","hd":false}],"ip":0,"op":40,"st":0,"bm":0},{"ddd":0,"ind":8,"ty":4,"nm":"BG","sr":1,"ks":{"o":{"a":0,"k":100,"ix":11},"r":{"a":0,"k":0,"ix":10},"p":{"a":0,"k":[375,667,0],"ix":2},"a":{"a":0,"k":[0,0,0],"ix":1},"s":{"a":0,"k":[100,100,100],"ix":6}},"ao":0,"shapes":[{"ty":"gr","it":[{"ty":"rc","d":1,"s":{"a":0,"k":[775.242,1362.383],"ix":2},"p":{"a":0,"k":[0,0],"ix":3},"r":{"a":0,"k":0,"ix":4},"nm":"Rectangle Path 1","mn":"ADBE Vector Shape - Rect","hd":false},{"ty":"st","c":{"a":0,"k":[1,0.537254961799,0.352940996955,1],"ix":3},"o":{"a":0,"k":100,"ix":4},"w":{"a":0,"k":0,"ix":5},"lc":1,"lj":1,"ml":4,"nm":"Stroke 1","mn":"ADBE Vector Graphic - Stroke","hd":false},{"ty":"fl","c":{"a":0,"k":[0.898039215686,0.941176470588,0.964705882353,1],"ix":4},"o":{"a":0,"k":100,"ix":5},"r":1,"nm":"Fill 1","mn":"ADBE Vector Graphic - Fill","hd":false},{"ty":"tr","p":{"a":0,"k":[4.621,0.191],"ix":2},"a":{"a":0,"k":[0,0],"ix":1},"s":{"a":0,"k":[100,100],"ix":3},"r":{"a":0,"k":0,"ix":6},"o":{"a":0,"k":100,"ix":7},"sk":{"a":0,"k":0,"ix":4},"sa":{"a":0,"k":0,"ix":5},"nm":"Transform"}],"nm":"Rectangle 1","np":3,"cix":2,"ix":1,"mn":"ADBE Vector Group","hd":false}],"ip":0,"op":40,"st":0,"bm":0}]}